{
    "0.0005": 125.5,
    "0.000548": 130.83333333333334,
    "0.000596": 151.16666666666666,
    "0.000644": 182.5,
    "0.000692": 202.83333333333334,
    "0.00074": 235.16666666666666,
    "0.000788": 268.3333333333333,
    "0.0008359999999999999": 300.6666666666667,
    "0.000884": 336.6666666666667,
    "0.0009319999999999999": 376.6666666666667,
    "0.00098": 417.5,
    "0.0010279999999999998": 446.5,
    "0.001076": 505.3333333333333,
    "0.001124": 554.1666666666666,
    "0.0011719999999999999": 608.1666666666666,
    "0.00122": 649.8333333333334,
    "0.001268": 685.8333333333334,
    "0.001316": 766.6666666666666,
    "0.0013639999999999998": 812.0,
    "0.001412": 885.5,
    "0.00146": 937.8333333333334,
    "0.0015079999999999998": 985.5,
    "0.0015559999999999999": 1021.8333333333334,
    "0.001604": 1041.0,
    "0.0016519999999999998": 1053.0,
    "0.0017": 1041.1666666666667
}