{
    "0.0005": 67.0,
    "0.00058": 79.0,
    "0.00066": 106.0,
    "0.00074": 121.0,
    "0.00082": 154.0,
    "0.0009": 191.0,
    "0.00098": 211.0,
    "0.0010600000000000002": 254.0,
    "0.00114": 277.0,
    "0.0012200000000000002": 326.0,
    "0.0013": 379.0,
    "0.0013800000000000002": 407.0,
    "0.0014600000000000001": 466.0,
    "0.0015400000000000001": 497.0,
    "0.0016200000000000001": 562.0,
    "0.0017000000000000001": 631.0,
    "0.0017800000000000001": 667.0,
    "0.00186": 742.0,
    "0.00194": 781.0,
    "0.00202": 862.0,
    "0.0021000000000000003": 947.0,
    "0.00218": 991.0,
    "0.00226": 1036.0,
    "0.00234": 1036.0,
    "0.0024200000000000003": 1036.0,
    "0.0025": 1036.0
}