{
    "0.0005": 13.518083095550537,
    "0.00058": 12.856629172960917,
    "0.00066": 13.000090678532919,
    "0.00074": 13.016878644625345,
    "0.00082": 12.537932594617208,
    "0.0009": 12.597712755203247,
    "0.00098": 12.435765782992044,
    "0.0010600000000000002": 12.850572109222412,
    "0.00114": 12.70076866944631,
    "0.0012200000000000002": 12.965999881426493,
    "0.0013": 12.89772617816925,
    "0.0013800000000000002": 12.86979635556539,
    "0.0014600000000000001": 13.740059415499369,
    "0.0015400000000000001": 13.054244240125021,
    "0.0016200000000000001": 13.191270510355631,
    "0.0017000000000000001": 13.285884579022726,
    "0.0017800000000000001": 14.01274319489797,
    "0.00186": 13.417125622431437,
    "0.00194": 13.359402100245157,
    "0.00202": 13.375924468040466,
    "0.0021000000000000003": 13.480175971984863,
    "0.00218": 13.593244632085165,
    "0.00226": 13.731365521748861,
    "0.00234": 14.512569864590963,
    "0.0024200000000000003": 13.697100400924683,
    "0.0025": 13.580698649088541
}