{
    "0.0005": 13.174835721651712,
    "0.000548": 13.426880439122518,
    "0.000596": 13.438032746315002,
    "0.000644": 14.231229861577352,
    "0.000692": 14.456884066263834,
    "0.00074": 13.555288275082907,
    "0.000788": 13.473531325658163,
    "0.0008359999999999999": 13.280433932940165,
    "0.000884": 14.438600579897562,
    "0.0009319999999999999": 13.714083313941956,
    "0.00098": 13.836888670921326,
    "0.0010279999999999998": 13.72952143351237,
    "0.001076": 14.542916337649027,
    "0.001124": 14.02744209766388,
    "0.0011719999999999999": 14.718405683835348,
    "0.00122": 14.46343195438385,
    "0.001268": 14.71262494723002,
    "0.001316": 15.153399308522543,
    "0.0013639999999999998": 15.492317795753479,
    "0.001412": 14.99607233206431,
    "0.00146": 14.999855041503906,
    "0.0015079999999999998": 15.077865958213806,
    "0.0015559999999999999": 15.378615180651346,
    "0.001604": 15.636126319567362,
    "0.0016519999999999998": 15.614479502042135,
    "0.0017": 15.539888501167297
}